period,channel,city,is_top20_product,checkout_uv,paid_uv,blocked_uv,checkout_to_pay_rate,blocked_rate
1. 正常期,信息流渠道A,上海,0,8358.0,5690.0,2668.0,0.6808,0.3192
1. 正常期,信息流渠道A,上海,1,1014.0,678.0,336.0,0.6686,0.3314
1. 正常期,信息流渠道A,北京,0,8416.0,5676.0,2740.0,0.6744,0.3256
1. 正常期,信息流渠道A,北京,1,929.0,654.0,275.0,0.704,0.296
1. 正常期,信息流渠道A,南京,0,9086.0,6135.0,2951.0,0.6752,0.3248
1. 正常期,信息流渠道A,南京,1,1011.0,689.0,322.0,0.6815,0.3185
1. 正常期,信息流渠道A,广州,0,9322.0,6272.0,3050.0,0.6728,0.3272
1. 正常期,信息流渠道A,广州,1,932.0,641.0,291.0,0.6878,0.3122
1. 正常期,信息流渠道A,成都,0,8853.0,5938.0,2915.0,0.6707,0.3293
1. 正常期,信息流渠道A,成都,1,1093.0,719.0,374.0,0.6578,0.3422
1. 正常期,信息流渠道A,杭州,0,8927.0,6004.0,2923.0,0.6726,0.3274
1. 正常期,信息流渠道A,杭州,1,1057.0,729.0,328.0,0.6897,0.3103
1. 正常期,信息流渠道A,武汉,0,8730.0,5865.0,2865.0,0.6718,0.3282
1. 正常期,信息流渠道A,武汉,1,971.0,657.0,314.0,0.6766,0.3234
1. 正常期,信息流渠道A,深圳,0,9563.0,6503.0,3060.0,0.68,0.32
1. 正常期,信息流渠道A,深圳,1,1096.0,745.0,351.0,0.6797,0.3203
1. 正常期,自然搜索,上海,0,6859.0,4667.0,2192.0,0.6804,0.3196
1. 正常期,自然搜索,上海,1,802.0,534.0,268.0,0.6658,0.3342
1. 正常期,自然搜索,北京,0,6254.0,4217.0,2037.0,0.6743,0.3257
1. 正常期,自然搜索,北京,1,718.0,484.0,234.0,0.6741,0.3259
1. 正常期,自然搜索,南京,0,7453.0,5095.0,2358.0,0.6836,0.3164
1. 正常期,自然搜索,南京,1,818.0,541.0,277.0,0.6614,0.3386
1. 正常期,自然搜索,广州,0,6241.0,4211.0,2030.0,0.6747,0.3253
1. 正常期,自然搜索,广州,1,744.0,512.0,232.0,0.6882,0.3118
1. 正常期,自然搜索,成都,0,6984.0,4773.0,2211.0,0.6834,0.3166
1. 正常期,自然搜索,成都,1,797.0,547.0,250.0,0.6863,0.3137
1. 正常期,自然搜索,杭州,0,7319.0,4946.0,2373.0,0.6758,0.3242
1. 正常期,自然搜索,杭州,1,932.0,644.0,288.0,0.691,0.309
1. 正常期,自然搜索,武汉,0,6449.0,4480.0,1969.0,0.6947,0.3053
1. 正常期,自然搜索,武汉,1,694.0,468.0,226.0,0.6744,0.3256
1. 正常期,自然搜索,深圳,0,6831.0,4560.0,2271.0,0.6675,0.3325
1. 正常期,自然搜索,深圳,1,809.0,546.0,263.0,0.6749,0.3251
1. 正常期,达人种草,上海,0,7295.0,4992.0,2303.0,0.6843,0.3157
1. 正常期,达人种草,上海,1,845.0,595.0,250.0,0.7041,0.2959
1. 正常期,达人种草,北京,0,7016.0,4779.0,2237.0,0.6812,0.3188
1. 正常期,达人种草,北京,1,809.0,559.0,250.0,0.691,0.309
1. 正常期,达人种草,南京,0,6752.0,4554.0,2198.0,0.6745,0.3255
1. 正常期,达人种草,南京,1,788.0,520.0,268.0,0.6599,0.3401
1. 正常期,达人种草,广州,0,6985.0,4804.0,2181.0,0.6878,0.3122
1. 正常期,达人种草,广州,1,823.0,555.0,268.0,0.6744,0.3256
1. 正常期,达人种草,成都,0,6956.0,4784.0,2172.0,0.6878,0.3122
1. 正常期,达人种草,成都,1,815.0,541.0,274.0,0.6638,0.3362
1. 正常期,达人种草,杭州,0,6543.0,4441.0,2102.0,0.6787,0.3213
1. 正常期,达人种草,杭州,1,764.0,512.0,252.0,0.6702,0.3298
1. 正常期,达人种草,武汉,0,6740.0,4529.0,2211.0,0.672,0.328
1. 正常期,达人种草,武汉,1,724.0,515.0,209.0,0.7113,0.2887
1. 正常期,达人种草,深圳,0,7186.0,4841.0,2345.0,0.6737,0.3263
1. 正常期,达人种草,深圳,1,857.0,589.0,268.0,0.6873,0.3127
2. 异常期,信息流渠道A,上海,0,1820.0,1109.0,711.0,0.6093,0.3907
2. 异常期,信息流渠道A,上海,1,215.0,124.0,91.0,0.5767,0.4233
2. 异常期,信息流渠道A,北京,0,1663.0,1017.0,646.0,0.6115,0.3885
2. 异常期,信息流渠道A,北京,1,187.0,30.0,157.0,0.1604,0.8396
2. 异常期,信息流渠道A,南京,0,1882.0,1111.0,771.0,0.5903,0.4097
2. 异常期,信息流渠道A,南京,1,210.0,135.0,75.0,0.6429,0.3571
2. 异常期,信息流渠道A,广州,0,2163.0,1340.0,823.0,0.6195,0.3805
2. 异常期,信息流渠道A,广州,1,220.0,146.0,74.0,0.6636,0.3364
2. 异常期,信息流渠道A,成都,0,2062.0,1260.0,802.0,0.6111,0.3889
2. 异常期,信息流渠道A,成都,1,222.0,143.0,79.0,0.6441,0.3559
2. 异常期,信息流渠道A,杭州,0,1769.0,1049.0,720.0,0.593,0.407
2. 异常期,信息流渠道A,杭州,1,178.0,29.0,149.0,0.1629,0.8371
2. 异常期,信息流渠道A,武汉,0,1854.0,1127.0,727.0,0.6079,0.3921
2. 异常期,信息流渠道A,武汉,1,198.0,115.0,83.0,0.5808,0.4192
2. 异常期,信息流渠道A,深圳,0,1641.0,981.0,660.0,0.5978,0.4022
2. 异常期,信息流渠道A,深圳,1,180.0,111.0,69.0,0.6167,0.3833
2. 异常期,自然搜索,上海,0,1348.0,911.0,437.0,0.6758,0.3242
2. 异常期,自然搜索,上海,1,153.0,109.0,44.0,0.7124,0.2876
2. 异常期,自然搜索,北京,0,1482.0,1039.0,443.0,0.7011,0.2989
2. 异常期,自然搜索,北京,1,180.0,119.0,61.0,0.6611,0.3389
2. 异常期,自然搜索,南京,0,1467.0,1016.0,451.0,0.6926,0.3074
2. 异常期,自然搜索,南京,1,163.0,100.0,63.0,0.6135,0.3865
2. 异常期,自然搜索,广州,0,1399.0,955.0,444.0,0.6826,0.3174
2. 异常期,自然搜索,广州,1,176.0,125.0,51.0,0.7102,0.2898
2. 异常期,自然搜索,成都,0,1563.0,1065.0,498.0,0.6814,0.3186
2. 异常期,自然搜索,成都,1,178.0,127.0,51.0,0.7135,0.2865
2. 异常期,自然搜索,杭州,0,1408.0,932.0,476.0,0.6619,0.3381
2. 异常期,自然搜索,杭州,1,198.0,137.0,61.0,0.6919,0.3081
2. 异常期,自然搜索,武汉,0,1386.0,956.0,430.0,0.6898,0.3102
2. 异常期,自然搜索,武汉,1,174.0,122.0,52.0,0.7011,0.2989
2. 异常期,自然搜索,深圳,0,1723.0,1174.0,549.0,0.6814,0.3186
2. 异常期,自然搜索,深圳,1,212.0,146.0,66.0,0.6887,0.3113
2. 异常期,达人种草,上海,0,1558.0,1054.0,504.0,0.6765,0.3235
2. 异常期,达人种草,上海,1,157.0,113.0,44.0,0.7197,0.2803
2. 异常期,达人种草,北京,0,1451.0,993.0,458.0,0.6844,0.3156
2. 异常期,达人种草,北京,1,169.0,122.0,47.0,0.7219,0.2781
2. 异常期,达人种草,南京,0,1594.0,1069.0,525.0,0.6706,0.3294
2. 异常期,达人种草,南京,1,166.0,104.0,62.0,0.6265,0.3735
2. 异常期,达人种草,广州,0,1701.0,1166.0,535.0,0.6855,0.3145
2. 异常期,达人种草,广州,1,203.0,139.0,64.0,0.6847,0.3153
2. 异常期,达人种草,成都,0,1371.0,923.0,448.0,0.6732,0.3268
2. 异常期,达人种草,成都,1,165.0,115.0,50.0,0.697,0.303
2. 异常期,达人种草,杭州,0,1335.0,871.0,464.0,0.6524,0.3476
2. 异常期,达人种草,杭州,1,157.0,110.0,47.0,0.7006,0.2994
2. 异常期,达人种草,武汉,0,1472.0,1026.0,446.0,0.697,0.303
2. 异常期,达人种草,武汉,1,169.0,117.0,52.0,0.6923,0.3077
2. 异常期,达人种草,深圳,0,1742.0,1173.0,569.0,0.6734,0.3266
2. 异常期,达人种草,深圳,1,233.0,160.0,73.0,0.6867,0.3133
